SampleID	StationName（different position）	DateMMDDYY	DepthName	sequencing ID	CollectionAgency	Month_Year	Salinity_Group	Time	Station	DO	SALINITY	WTEMP	TotalDepth	RCBarcode
SB041117TAWCSCB22D11BR2TR1I288	CB22	41317	11	esakows1_152133_plate_1	DNR	04 17	Oligohaline	10:13:00	CB2.2	11.2	0	12		TCATTACC
SB041117TAWCSCB31D13BR1TR1I289	CB31	41317	13	esakows1_152133_plate_1	DNR	04 17	Oligohaline	09:30:00	CB3.1	7.4	9.08	9.5	14	CCAGTTTC
SB041117TAWCSCB32D10BR2TR1I290	CB32	41317	9	esakows1_152133_plate_1	DNR	04 17	Mesohaline	08:45:00	CB3.2	7.6	8.69	9.7	13	CAGCCCGT
SB041117TAWCSCB33CD5BR1TR1I286	CB33C	41217	0	esakows1_152133_plate_1	DNR	04 17	Mesohaline	15:09:00	CB3.3C	10.2	3	11.7	24.5	GGGAAACA
SB041117TAWCSCB33CD24BR1TR1I291	CB33C	41217	23	esakows1_152133_plate_1	DNR	04 17	Mesohaline	15:09:00	CB3.3C	6.3	17.66	7.5	24.5	TACTTCAT
SB041117TAWCSCB42CD26BR1TR1I293	CB42C	41217	26	esakows1_152133_plate_1	DNR	04 17	Mesohaline	11:28:00	CB4.2C	6.9	20.15	8	27.5	CTGTGCTC
SB041117TAWCSCB43CD27BR1TR1I294	CB43C	41217	26	esakows1_152133_plate_1	DNR	04 17	Mesohaline	09:53:00	CB4.3C	7.1	20.43	8.4	27	GCACTCCG
SB041117TAWCSCB44D31BR1TR1I295	CB44	41117	31	esakows1_152133_plate_1	DNR	04 17	Mesohaline	14:02:00	CB4.4	7.5	23.24	9.4	32.5	TATCTTGC
SB041117TAWCSCB51D33BR1TR1I296	CB51	41117	34	esakows1_152133_plate_1	DNR	04 17	Mesohaline	13:15:00	CB5.1	7.6	23.87	9.6	35	AATATTCG
SB041117TAWCSCB53D5BR1TR1I284	CB53	41117	0	esakows1_152133_plate_1	DNR	04 17	Mesohaline	10:48:00	CB5.3	11	14.73	12	27	CGCACGGA
SB041117TAWCSCB54D25BR1TR1I300	CB54	41117	1	esakows1_152133_plate_1	ODU	04 17	Mesohaline	08:47:00	CB5.4	10.83	15.74	11.819	32	CGTTCCTT
SB041117TAWCSCB54D25BR2TR1I310	CB54	41117	25	esakows1_152133_plate_1	ODU	04 17	Mesohaline	08:47:00	CB5.4	7.67	23.61	10.423	32	ATCAGCAC
SB041117TAWCSCB62D9BR1TR1I303	CB62	41117	1	esakows1_152133_plate_1	ODU	04 17	Polyhaline	13:40:00	CB6.2	10.14	18.42	12.569	10	CTTCAATC
SB041117TAWCSCB62D9BR1TR1I312	CB62	41117	9	esakows1_152133_plate_1	ODU	04 17	Polyhaline	13:40:00	CB6.2	9.07	20.7	11.318	10	CAATAAGT
SB041117TAWCSCB63D10BR1TR1I304	CB63	41117	1	esakows1_152133_plate_1	ODU	04 17	Polyhaline	14:18:00	CB6.3	9.73	20.32	13.323	11	TATTATCA
SB041117TAWCSCB63D10BR2TR1I313	CB63	41117	10	esakows1_152133_plate_1	ODU	04 17	Polyhaline	14:18:00	CB6.3	9.16	20.67	11.706	11	AGTATGGT
SB041117TAWCSCB71D20BR1TR1I306	CB71	41017	1	esakows1_152133_plate_1	ODU	04 17	Polyhaline	15:23:00	CB7.1	9.82	19.49	12.539	17	TTGCGTGG
SB041117TAWCSCB71D20BR2TR1I315	CB71	41017	16	esakows1_152133_plate_1	ODU	04 17	Polyhaline	15:23:00	CB7.1	8.59	20.89	11.57	17	TCCAATTT
SB041117TAWCSCB72D20BR1TR1I307	CB72	41017	1	esakows1_152133_plate_1	ODU	04 17	Polyhaline	13:40:00	CB7.2	9.76	20.58	12.66	22	GTATCGTA
SB041117TAWCSCB72D20BR1TR1I316	CB72	41017	21	esakows1_152133_plate_1	ODU	04 17	Polyhaline	13:40:00	CB7.2	8.27	24.37	11.687	22	TGGCTCTA
SB041117TAWCSCB73D12BR1TR1I308	CB73	41017	1	esakows1_152133_plate_1	ODU	04 17	Polyhaline	11:19:00	CB7.3	9.39	23.57	12.206	13	TGAAGCCT
SB041117TAWCSCB73D12BR1TR1I317	CB73	41017	12	esakows1_152133_plate_1	ODU	04 17	Polyhaline	11:19:00	CB7.3	8.99	25.44	11.883	13	AAGGATAA